{
  "author": {
    "name": "https://github.com/angular-ui/bootstrap/graphs/contributors"
  },
  "name": "angular-bootstrap",
  "keywords": [
    "angular",
    "angular-ui",
    "bootstrap"
  ],
  "license": "MIT",
  "ignore": [],
  "description": "Native AngularJS (Angular) directives for Bootstrap.",
  "version": "1.1.0",
  "main": [
    "./ui-bootstrap-tpls.js"
  ],
  "dependencies": {
    "angular": ">=1.4.0"
  },
  "homepage": "https://github.com/angular-ui/bootstrap-bower",
  "_release": "1.1.0",
  "_resolution": {
    "type": "version",
    "tag": "v1.1.0",
    "commit": "c4d2e80dbbe3df24e0c72d84dda34a35b0a81953"
  },
  "_source": "https://github.com/angular-ui/bootstrap-bower.git",
  "_target": "v1.1.0",
  "_originalSource": "angular-bootstrap"
}